Workbook

Sheet Cleaned
A1: Demographics ID | B1: Name | C1: Gender | D1: Age | E1: Profession | F1: Profession ID | G1: Region/Locality | H1: Region ID | I1: Smoking Habit | J1: Alcohol CoNosumptioNo | K1: Physical Activity Level | L1: Fast Food Consumption Frequency | M1: Current Health Conditions | N1: Common Regional Health Concerns | O1: Access to Clean Water & Sanitation | P1: Pollution Exposure Area | Q1: Mental Health Frequency | R1: Healthcare Access Method | S1: Preferred Language for Chatbot | T1: Sleep Duration in Hours | U1: Sleep Issues | V1: Diet Type | X1: Water Intake per Day | Y1: Symptoms | Z1: Particular Disease | AA1: preferred platform | AB1: Blood Group
A2: D001 | B2: Aditi | C2: Female | D2: 18 | E2: Student | F2: =_xlfn.XLOOKUP(E2,Profession!$B$2:$B$15,Profession!$A$2:$A$15,"Not Found") -> P001 | G2: Kothri Kalan | H2: =_xlfn.XLOOKUP(G2,Region!$B$2:$B$16,Region!$A$2:$A$16,"Not Found") -> R001 | I2: No | J2: No | K2: Low | L2: Once in Week | M2: Good | N2: chiken pox, flu, | O2: Yes | P2: Very Less | Q2: Moderate | R2: Low Access | S2: Hindi | T2: 6 | U2: No | V2: Veg | X2: 4 | Y2: headache,memory loss | Z2: Alzheimer's | AA2: whatsapp | AB2: O+
A3: D002 | B3: Anjali | C3: Female | D3: 20 | E3: Student | F3: =_xlfn.XLOOKUP(E3,Profession!$B$2:$B$15,Profession!$A$2:$A$15,"Not Found") -> P001 | G3: Kothri Kalan | H3: =_xlfn.XLOOKUP(G3,Region!$B$2:$B$16,Region!$A$2:$A$16,"Not Found") -> R001 | I3: No | J3: No | K3: Good | L3: 4 Times In Week | M3: Good | N3: chicken pox, flu | O3: Yes | P3: Very Less | Q3: Good | R3: Low Access | S3: English | T3: 6 | U3: No | V3: Veg | X3: 4 | Y3: cold.cough | Z3: No Disease | AA3: whatsapp | AB3: A+
A4: D003 | B4: Priya | C4: Female | D4: 19 | E4: Student | F4: =_xlfn.XLOOKUP(E4,Profession!$B$2:$B$15,Profession!$A$2:$A$15,"Not Found") -> P001 | G4: Kothri Kalan | H4: =_xlfn.XLOOKUP(G4,Region!$B$2:$B$16,Region!$A$2:$A$16,"Not Found") -> R001 | I4: No | J4: No | K4: Low | L4: 5 Times In Week | M4: Good | N4: chicken pox, flu, malaria | O4: Yes | P4: Very Less | Q4: Anxiety | R4: Low Access | S4: English | T4: 4 | U4: No | V4: Non Veg | X4: 2 | Y4: cold, | Z4: Fever | AA4: whatsapp | AB4: A+
A5: D004 | B5: Kavya | C5: Female | D5: 19 | E5: Student | F5: =_xlfn.XLOOKUP(E5,Profession!$B$2:$B$15,Profession!$A$2:$A$15,"Not Found") -> P001 | G5: Kothri Kalan | H5: =_xlfn.XLOOKUP(G5,Region!$B$2:$B$16,Region!$A$2:$A$16,"Not Found") -> R001 | I5: No | J5: No | K5: Moderate | L5: Once In Week | M5: Good | N5: food poisoning, cough, cold | O5: Yes | P5: Very Less | Q5: Good | R5: Low Access | S5: English | T5: 9 | U5: No | V5: Non Veg | X5: 3 | Y5: headache | Z5: Fever | AA5: whatsapp | AB5: O+
A6: D005 | B6: Sneha | C6: Female | D6: 19 | E6: Student | F6: =_xlfn.XLOOKUP(E6,Profession!$B$2:$B$15,Profession!$A$2:$A$15,"Not Found") -> P001 | G6: Kothri Kalan | H6: =_xlfn.XLOOKUP(G6,Region!$B$2:$B$16,Region!$A$2:$A$16,"Not Found") -> R001 | I6: No | J6: No | K6: Good | L6: 3 Times In Week | M6: Good | N6: chicken pox, flu | O6: Yes | P6: Very Less | Q6: Good | R6: Low Access | S6: English | T6: 7 | U6: No | V6: Non Veg | X6: 3.5 | Y6: body pain | Z6: No Disease | AA6: wp | AB6: O+
A7: D006 | B7: Nisha | C7: Female | D7: 19 | E7: Student | F7: =_xlfn.XLOOKUP(E7,Profession!$B$2:$B$15,Profession!$A$2:$A$15,"Not Found") -> P001 | G7: Kothri Kalan | H7: =_xlfn.XLOOKUP(G7,Region!$B$2:$B$16,Region!$A$2:$A$16,"Not Found") -> R001 | I7: No | J7: No | K7: Low | L7: Once in Week | M7: Moderate | N7: chicken pox, flu, malaria, food poisoning | O7: Yes | P7: Very Less | Q7: Good | R7: Low Access | S7: English | T7: 7 | U7: No | V7: Veg | X7: 4 | Y7: stomach pain | Z7: Stomach Pain | AA7: wp | AB7: O+
A8: D007 | B8: Riya | C8: Female | D8: 19 | E8: Student | F8: =_xlfn.XLOOKUP(E8,Profession!$B$2:$B$15,Profession!$A$2:$A$15,"Not Found") -> P001 | G8: Kothri Kalan | H8: =_xlfn.XLOOKUP(G8,Region!$B$2:$B$16,Region!$A$2:$A$16,"Not Found") -> R001 | I8: No | J8: No | K8: Low | L8: 0 Fast Food | M8: Good | N8: chicken pox, flu, malaria, food poisoning | O8: Yes | P8: Very Less | Q8: Stress | R8: Low Access | S8: English | T8: 5 | U8: No | V8: Non Veg | X8: 3 | Y8: body main , weaknees | Z8: No Disease | AA8: both | AB8: B+
A9: D008 | B9: Shreya | C9: Female | D9: 18 | E9: Student | F9: =_xlfn.XLOOKUP(E9,Profession!$B$2:$B$15,Profession!$A$2:$A$15,"Not Found") -> P001 | G9: Kothri Kalan | H9: =_xlfn.XLOOKUP(G9,Region!$B$2:$B$16,Region!$A$2:$A$16,"Not Found") -> R001 | I9: No | J9: No | K9: Low | L9: Once In Week | M9: Good | N9: food poisoning, cough, cold | O9: Yes | P9: Very Less | Q9: Good | R9: Low Access | S9: English | T9: 4 | U9: Late Wakeup | V9: Non Veg | X9: 3 | Y9: haeadach | Z9: No Disease | AA9: wp | AB9: B+
A10: D009 | B10: Pooja | C10: Female | D10: 19 | E10: Student | F10: =_xlfn.XLOOKUP(E10,Profession!$B$2:$B$15,Profession!$A$2:$A$15,"Not Found") -> P001 | G10: Kothri Kalan | H10: =_xlfn.XLOOKUP(G10,Region!$B$2:$B$16,Region!$A$2:$A$16,"Not Found") -> R001 | I10: No | J10: No | K10: Good | L10: Once In Week | M10: Good | N10: food poisoning, chicken pox | O10: Yes | P10: Very Less | Q10: Good | R10: Low Access | S10: English | T10: 6 | U10: No | V10: Veg | X10: 4 | Y10: cough sneez weaknees | Z10: No Disease | AA10: wp | AB10: B+
A11: D010 | B11: Meera | C11: Female | D11: 20 | E11: Student | F11: =_xlfn.XLOOKUP(E11,Profession!$B$2:$B$15,Profession!$A$2:$A$15,"Not Found") -> P001 | G11: Kothri Kalan | H11: =_xlfn.XLOOKUP(G11,Region!$B$2:$B$16,Region!$A$2:$A$16,"Not Found") -> R001 | I11: No | J11: No | K11: Moderate | L11: 0 Fast Food | M11: Moderate | N11: chicken pox, viral fever, flu | O11: Yes | P11: Very Less | Q11: Stress | R11: Moderate | S11: English | T11: 6 | U11: No | V11: Veg | X11: 5 | Y11: cough cold | Z11: No Disease | AA11: wp | AB11: Ab+
A12: D011 | B12: Sanya | C12: Female | D12: 20 | E12: Student | F12: =_xlfn.XLOOKUP(E12,Profession!$B$2:$B$15,Profession!$A$2:$A$15,"Not Found") -> P001 | G12: Kothri Kalan | H12: =_xlfn.XLOOKUP(G12,Region!$B$2:$B$16,Region!$A$2:$A$16,"Not Found") -> R001 | I12: No | J12: No | K12: Moderate | L12: 0 Fast Food | M12: Moderate | N12: chicken pox, viral fever, flu | O12: Yes | P12: Very Less | Q12: Good | R12: Below Average | S12: English | T12: 8 | U12: No | V12: Veg | X12: 4 | Y12: body pain,headache, eye | Z12: No Disease | AA12: whatsapp | AB12: A+
A13: D012 | B13: Divya | C13: Female | D13: 19 | E13: Student | F13: =_xlfn.XLOOKUP(E13,Profession!$B$2:$B$15,Profession!$A$2:$A$15,"Not Found") -> P001 | G13: Kothri Kalan | H13: =_xlfn.XLOOKUP(G13,Region!$B$2:$B$16,Region!$A$2:$A$16,"Not Found") -> R001 | I13: No | J13: No | K13: Good | L13: 3 Times In Week | M13: Not Good | N13: chicken pox, viral fever, flu | O13: Yes | P13: Very Less | Q13: Moderate | R13: Bad | S13: English | T13: 12 | U13: No | V13: Veg | X13: 2.5 | Y13: weakness | Z13: No Disease | AA13: whatsapp | AB13: A+
... A570: D569 | B570: User_499 | C570: Male | D570: 23 | E570: Mess Guard | F570: =_xlfn.XLOOKUP(E570,Profession!$B$2:$B$15,Profession!$A$2:$A$15,"Not Found") -> P008 | G570: Goa | H570: =_xlfn.XLOOKUP(G570,Region!$B$2:$B$16,Region!$A$2:$A$16,"Not Found") -> R008 | I570: No | J570: No | K570: Hard | L570: 0 Fast Food | M570: Good | N570: s | O570: Mix | P570: Good | Q570: No | R570: Village | S570: Hindi | T570: 7 | U570: No | V570: Mix | X570: 5 | Y570: weakness | Z570: No Disease | AA570: whatsapp | AB570: A-
N571: s

Sheet Demographics
A1: Demographics ID | B1: Name | C1: Gender | D1: Age | E1: Profession ID | F1: Region ID
A2: D001 | B2: Aditi | C2: Female | D2: 18 | E2: P001 | F2: R001
A3: D002 | B3: Anjali | C3: Female | D3: 20 | E3: P001 | F3: R001
A4: D003 | B4: Priya | C4: Female | D4: 19 | E4: P001 | F4: R001
A5: D004 | B5: Kavya | C5: Female | D5: 19 | E5: P001 | F5: R001
A6: D005 | B6: Sneha | C6: Female | D6: 19 | E6: P001 | F6: R001
A7: D006 | B7: Nisha | C7: Female | D7: 19 | E7: P001 | F7: R001
A8: D007 | B8: Riya | C8: Female | D8: 19 | E8: P001 | F8: R001
A9: D008 | B9: Shreya | C9: Female | D9: 18 | E9: P001 | F9: R001
A10: D009 | B10: Pooja | C10: Female | D10: 19 | E10: P001 | F10: R001
A11: D010 | B11: Meera | C11: Female | D11: 20 | E11: P001 | F11: R001
A12: D011 | B12: Sanya | C12: Female | D12: 20 | E12: P001 | F12: R001
A13: D012 | B13: Divya | C13: Female | D13: 19 | E13: P001 | F13: R001
... A570: D569 | B570: User_499 | C570: Male | D570: 23 | E570: P008 | F570: R008

Sheet LifeStyle
A1: LifeStyle ID | B1: Demographics ID | C1: Smoking Habit | D1: Alcohol CoNosumptioNo | E1: Physical Activity Level | F1: Fast Food Consumption Frequency | G1: Sleep Duration in Hours | H1: Sleep Issues | I1: Diet Type | J1: Water Intake per Day
A2: L001 | B2: D001 | C2: No | D2: No | E2: Low | F2: Once in Week | G2: 6 | H2: No | I2: Veg | J2: 4
A3: L002 | B3: D002 | C3: No | D3: No | E3: Good | F3: 4 Times In Week | G3: 6 | H3: No | I3: Veg | J3: 4
A4: L003 | B4: D003 | C4: No | D4: No | E4: Low | F4: 5 Times In Week | G4: 4 | H4: No | I4: Non Veg | J4: 2
A5: L004 | B5: D004 | C5: No | D5: No | E5: Moderate | F5: Once In Week | G5: 9 | H5: No | I5: Non Veg | J5: 3
A6: L005 | B6: D005 | C6: No | D6: No | E6: Good | F6: 3 Times In Week | G6: 7 | H6: No | I6: Non Veg | J6: 3.5
A7: L006 | B7: D006 | C7: No | D7: No | E7: Low | F7: Once in Week | G7: 7 | H7: No | I7: Veg | J7: 4
A8: L007 | B8: D007 | C8: No | D8: No | E8: Low | F8: 0 Fast Food | G8: 5 | H8: No | I8: Non Veg | J8: 3
A9: L008 | B9: D008 | C9: No | D9: No | E9: Low | F9: Once In Week | G9: 4 | H9: Late Wakeup | I9: Non Veg | J9: 3
A10: L009 | B10: D009 | C10: No | D10: No | E10: Good | F10: Once In Week | G10: 6 | H10: No | I10: Veg | J10: 4
A11: L010 | B11: D010 | C11: No | D11: No | E11: Moderate | F11: 0 Fast Food | G11: 6 | H11: No | I11: Veg | J11: 5
A12: L011 | B12: D011 | C12: No | D12: No | E12: Moderate | F12: 0 Fast Food | G12: 8 | H12: No | I12: Veg | J12: 4
A13: L012 | B13: D012 | C13: No | D13: No | E13: Good | F13: 3 Times In Week | G13: 12 | H13: No | I13: Veg | J13: 2.5
... A570: L569 | B570: D569 | C570: No | D570: No | E570: Hard | F570: 0 Fast Food | G570: 7 | H570: No | I570: Mix | J570: 5

Sheet Health
A1: HealthID | B1: Demographics ID | C1: Current Health Conditions | D1: Healthcare Access Method | E1: Mental Health Frequency | F1: Pollution Exposure Area | G1: Access to Clean Water & Sanitation
A2: H001 | B2: D001 | C2: Good | D2: Low Access | E2: Moderate | F2: Very Less | G2: Yes
A3: H002 | B3: D002 | C3: Good | D3: Low Access | E3: Good | F3: Very Less | G3: Yes
A4: H003 | B4: D003 | C4: Good | D4: Low Access | E4: Anxiety | F4: Very Less | G4: Yes
A5: H004 | B5: D004 | C5: Good | D5: Low Access | E5: Good | F5: Very Less | G5: Yes
A6: H005 | B6: D005 | C6: Good | D6: Low Access | E6: Good | F6: Very Less | G6: Yes
A7: H006 | B7: D006 | C7: Moderate | D7: Low Access | E7: Good | F7: Very Less | G7: Yes
A8: H007 | B8: D007 | C8: Good | D8: Low Access | E8: Stress | F8: Very Less | G8: Yes
A9: H008 | B9: D008 | C9: Good | D9: Low Access | E9: Good | F9: Very Less | G9: Yes
A10: H009 | B10: D009 | C10: Good | D10: Low Access | E10: Good | F10: Very Less | G10: Yes
A11: H010 | B11: D010 | C11: Moderate | D11: Moderate | E11: Stress | F11: Very Less | G11: Yes
A12: H011 | B12: D011 | C12: Moderate | D12: Below Average | E12: Good | F12: Very Less | G12: Yes
... A570: H569 | B570: D569 | C570: Good | D570: Village | E570: No | F570: Good | G570: Mix

Sheet Medical
A1: Medical ID | B1: Demographics ID | C1: Blood Group | D1: Particular Disease
A2: M001 | B2: D001 | C2: O+ | D2: Alzheimer's
A3: M002 | B3: D002 | C3: A+ | D3: No Disease
A4: M003 | B4: D003 | C4: A+ | D4: Fever
A5: M004 | B5: D004 | C5: O+ | D5: Fever
A6: M005 | B6: D005 | C6: O+ | D6: No Disease
A7: M006 | B7: D006 | C7: O+ | D7: Stomach Pain
A8: M007 | B8: D007 | C8: B+ | D8: No Disease
A9: M008 | B9: D008 | C9: B+ | D9: No Disease
A10: M009 | B10: D009 | C10: B+ | D10: No Disease
A11: M010 | B11: D010 | C11: Ab+ | D11: No Disease
A12: M011 | B12: D011 | C12: A+ | D12: No Disease
... A570: M569 | B570: D569 | C570: A- | D570: No Disease

Sheet Profession
A1: Profession ID | B1: Profession Name
A2: ="P"&TEXT(ROW()-1,"000") -> P001 | B2: {=_xlfn.UNIQUE(Cleaned!E2:E570)} -> Student
A3: ="P"&TEXT(ROW()-1,"000") -> P002 | B3: Shopkeeper
A4: ="P"&TEXT(ROW()-1,"000") -> P003 | B4: Mess Incharge
A5: ="P"&TEXT(ROW()-1,"000") -> P004 | B5: Supervisor House Keeping
A6: ="P"&TEXT(ROW()-1,"000") -> P005 | B6: Hostel Supervisor
A7: ="P"&TEXT(ROW()-1,"000") -> P006 | B7: Hostel Admin
A8: ="P"&TEXT(ROW()-1,"000") -> P007 | B8: Guard
A9: ="P"&TEXT(ROW()-1,"000") -> P008 | B9: Mess Guard
A10: ="P"&TEXT(ROW()-1,"000") -> P009 | B10: Hostel Guard
A11: ="P"&TEXT(ROW()-1,"000") -> P010 | B11: House Keeping
A12: ="P"&TEXT(ROW()-1,"000") -> P011 | B12: Daily Wage Worker
A13: ="P"&TEXT(ROW()-1,"000") -> P012 | B13: Worker
A14: ="P"&TEXT(ROW()-1,"000") -> P013 | B14: Automobile Manager
A15: ="P"&TEXT(ROW()-1,"000") -> P014 | B15: Government Officer

Sheet Region
A1: RegionID | B1: Region Name
A2: R001 | B2: {=_xlfn.UNIQUE(Cleaned!G2:G570)} -> Kothri Kalan
A3: R002 | B3: Vita
A4: R003 | B4: Bhopal
A5: R004 | B5: Ashta
A6: R005 | B6: Hostel
A7: R006 | B7: Ichawar
A8: R007 | B8: Lala Khedi
A9: R008 | B9: Goa
A10: R009 | B10: Ratanpur
A11: R010 | B11: gawakheda
A12: R011 | B12: Golukheda
A13: R012 | B13: Kratanpur
A14: R013 | B14: Ahmedabad
... A16: R015 | B16: Gorakhpur

Sheet  Demographics Health Concern
A1: Common Region Health Concerns ID | B1: Demographics ID | C1: Common Region Health Concerns
A2: {=_xlfn.XLOOKUP($C2,_xlfn.ANCHORARRAY('Health Concerns'!$B$2),'Health Concerns'!$A$2:$A$15,"Not Found")} -> CRH001 | B2: D001 | C2: Chickenpox
A3: {=_xlfn.XLOOKUP($C3,_xlfn.ANCHORARRAY('Health Concerns'!$B$2),'Health Concerns'!$A$2:$A$15,"Not Found")} -> CRH002 | B3: D001 | C3: Flu
A4: {=_xlfn.XLOOKUP($C4,_xlfn.ANCHORARRAY('Health Concerns'!$B$2),'Health Concerns'!$A$2:$A$15,"Not Found")} -> CRH001 | B4: D002 | C4: Chickenpox
A5: {=_xlfn.XLOOKUP($C5,_xlfn.ANCHORARRAY('Health Concerns'!$B$2),'Health Concerns'!$A$2:$A$15,"Not Found")} -> CRH002 | B5: D002 | C5: Flu
A6: {=_xlfn.XLOOKUP($C6,_xlfn.ANCHORARRAY('Health Concerns'!$B$2),'Health Concerns'!$A$2:$A$15,"Not Found")} -> CRH001 | B6: D003 | C6: Chickenpox
A7: {=_xlfn.XLOOKUP($C7,_xlfn.ANCHORARRAY('Health Concerns'!$B$2),'Health Concerns'!$A$2:$A$15,"Not Found")} -> CRH002 | B7: D003 | C7: Flu
A8: {=_xlfn.XLOOKUP($C8,_xlfn.ANCHORARRAY('Health Concerns'!$B$2),'Health Concerns'!$A$2:$A$15,"Not Found")} -> CRH003 | B8: D003 | C8: Malaria
A9: {=_xlfn.XLOOKUP($C9,_xlfn.ANCHORARRAY('Health Concerns'!$B$2),'Health Concerns'!$A$2:$A$15,"Not Found")} -> CRH004 | B9: D004 | C9: Food Poisoning
A10: {=_xlfn.XLOOKUP($C10,_xlfn.ANCHORARRAY('Health Concerns'!$B$2),'Health Concerns'!$A$2:$A$15,"Not Found")} -> CRH005 | B10: D004 | C10: Cough
A11: {=_xlfn.XLOOKUP($C11,_xlfn.ANCHORARRAY('Health Concerns'!$B$2),'Health Concerns'!$A$2:$A$15,"Not Found")} -> CRH006 | B11: D004 | C11: Cold
A12: {=_xlfn.XLOOKUP($C12,_xlfn.ANCHORARRAY('Health Concerns'!$B$2),'Health Concerns'!$A$2:$A$15,"Not Found")} -> CRH001 | B12: D005 | C12: Chickenpox
A13: {=_xlfn.XLOOKUP($C13,_xlfn.ANCHORARRAY('Health Concerns'!$B$2),'Health Concerns'!$A$2:$A$15,"Not Found")} -> CRH002 | B13: D005 | C13: Flu
... A772: {=_xlfn.XLOOKUP($C772,_xlfn.ANCHORARRAY('Health Concerns'!$B$2),'Health Concerns'!$A$2:$A$15,"Not Found")} -> CRH008 | B772: D569 | C772: Seasonal

Sheet Health Concerns
A1: Common Regional Health Concern ID | B1: Common Region Health Concerns
A2: CRH001 | B2: {=_xlfn.UNIQUE(' Demographics Health Concern'!C2:C772)} -> Chickenpox
A3: CRH002 | B3: Flu
A4: CRH003 | B4: Malaria
A5: CRH004 | B5: Food Poisoning
A6: CRH005 | B6: Cough
A7: CRH006 | B7: Cold
A8: CRH007 | B8: Viral Fever
A9: CRH008 | B9: Seasonal
A10: CRH009 | B10: Scabies
A11: CRH010 | B11: Pimples
A12: CRH011 | B12: No Problems
A13: CRH012 | B13: Fever
A14: CRH013 | B14: Skin
A15: CRH014 | B15: Hygiene Problem

Sheet Communication
A1: Communication ID | B1: Demographics ID | C1: Preferred Language for Chatbot | D1: Platform
A2: C001 | B2: D001 | C2: Hindi | D2: Whatsapp
A3: C002 | B3: D002 | C3: English | D3: Whatsapp
A4: C003 | B4: D003 | C4: English | D4: Whatsapp
A5: C004 | B5: D004 | C5: English | D5: Whatsapp
A6: C005 | B6: D005 | C6: English | D6: Whatsapp
A7: C006 | B7: D006 | C7: English | D7: Whatsapp
A8: C007 | B8: D007 | C8: English | D8: Both
A9: C008 | B9: D008 | C9: English | D9: Whatsapp
A10: C009 | B10: D009 | C10: English | D10: Whatsapp
A11: C010 | B11: D010 | C11: English | D11: Whatsapp
A12: C011 | B12: D011 | C12: English | D12: Whatsapp
... A570: C569 | B570: D569 | C570: Hindi | D570: Whatsapp

Sheet Symptoms
A1: SymptomsID | B1: Symptoms
A2: S001 | B2: {=_xlfn.UNIQUE('Demographics Symptoms'!C2:C889)} -> Headache
A3: S002 | B3: Memory Loss
A4: S003 | B4: Cold
A5: S004 | B5: Cough
A6: S005 | B6: Body Pain
A7: S006 | B7: Stomach Pain
A8: S007 | B8: Weakness
A9: S008 | B9: Sneez
A10: S009 | B10: Eye Pain
A11: S010 | B11: Loose Motion
A12: S011 | B12: Normal
A13: S012 | B13: Heart Pain
A14: S013 | B14: No
A15: S014 | B15: Very Less

Sheet Demographics Symptoms
A1: DemoID | B1: SymptomsID | C1: Symptoms
A2: D001 | B2: {=_xlfn.XLOOKUP($C2,_xlfn.ANCHORARRAY(Symptoms!$B$2),Symptoms!$A$2:$A$15,"Not Found")} -> S001 | C2: Headache
A3: D001 | B3: {=_xlfn.XLOOKUP($C3,_xlfn.ANCHORARRAY(Symptoms!$B$2),Symptoms!$A$2:$A$15,"Not Found")} -> S002 | C3: Memory Loss
A4: D002 | B4: {=_xlfn.XLOOKUP($C4,_xlfn.ANCHORARRAY(Symptoms!$B$2),Symptoms!$A$2:$A$15,"Not Found")} -> S003 | C4: Cold
A5: D002 | B5: {=_xlfn.XLOOKUP($C5,_xlfn.ANCHORARRAY(Symptoms!$B$2),Symptoms!$A$2:$A$15,"Not Found")} -> S004 | C5: Cough
A6: D003 | B6: {=_xlfn.XLOOKUP($C6,_xlfn.ANCHORARRAY(Symptoms!$B$2),Symptoms!$A$2:$A$15,"Not Found")} -> S003 | C6: Cold
A7: D004 | B7: {=_xlfn.XLOOKUP($C7,_xlfn.ANCHORARRAY(Symptoms!$B$2),Symptoms!$A$2:$A$15,"Not Found")} -> S001 | C7: Headache
A8: D005 | B8: {=_xlfn.XLOOKUP($C8,_xlfn.ANCHORARRAY(Symptoms!$B$2),Symptoms!$A$2:$A$15,"Not Found")} -> S005 | C8: Body Pain
A9: D006 | B9: {=_xlfn.XLOOKUP($C9,_xlfn.ANCHORARRAY(Symptoms!$B$2),Symptoms!$A$2:$A$15,"Not Found")} -> S006 | C9: Stomach Pain
A10: D007 | B10: {=_xlfn.XLOOKUP($C10,_xlfn.ANCHORARRAY(Symptoms!$B$2),Symptoms!$A$2:$A$15,"Not Found")} -> S005 | C10: Body Pain
A11: D007 | B11: {=_xlfn.XLOOKUP($C11,_xlfn.ANCHORARRAY(Symptoms!$B$2),Symptoms!$A$2:$A$15,"Not Found")} -> S007 | C11: Weakness
A12: D008 | B12: {=_xlfn.XLOOKUP($C12,_xlfn.ANCHORARRAY(Symptoms!$B$2),Symptoms!$A$2:$A$15,"Not Found")} -> S001 | C12: Headache
A13: D009 | B13: {=_xlfn.XLOOKUP($C13,_xlfn.ANCHORARRAY(Symptoms!$B$2),Symptoms!$A$2:$A$15,"Not Found")} -> S004 | C13: Cough
... A889: D550 | B889: {=_xlfn.XLOOKUP($C889,_xlfn.ANCHORARRAY(Symptoms!$B$2),Symptoms!$A$2:$A$15,"Not Found")} -> S007 | C889: Weakness
